latitude,longitude,start_date,location_id
-0.833333333, -53.0,1985-02-01,0
-0.866666667, -52.38333333,1987-02-01,1
-0.9, -52.75,1987-02-01,2
-1.21531, 36.646,2011-05-12,3
-12.86425, 35.01741667,2010-02-01,4
-12.87963889, 35.01833333,2009-04-05,5
-13.28566667, 35.36983333,2012-02-23,6
-13.2935, 35.36783333,2010-01-12,7
-13.29666667, 35.36625,2010-01-12,8
-13.29669444, 35.36625,2010-03-01,9
-13.33833333, 35.39183333,2012-02-15,10
-13.339, 35.391,2012-02-20,11
-13.34116667, 35.284,2012-01-07,12
-13.354, 35.46716667,2012-02-21,13
-13.35416667, 35.46716667,2012-02-20,14
-15.53333333, -47.65,1984-11-01,15
-16.5, -42.83333333,1986-12-01,16
-17.63333333, -44.41666667,1983-02-01,17
-18.63333333, -42.85,1987-11-01,18
-18.63416667, -42.855,1986-01-01,19
-18.66666667, -39.75,1982-08-01,20
-18.75, -44.88333333,1983-12-01,21
-18.75, -45.16666667,1982-02-01,22
-19.61666667, 32.78333333,1995-12-01,23
-19.8, -40.28333333,1982-05-01,24
-19.93333333, -40.61666667,1984-08-01,25
-20.36666667, -41.0,1984-08-01,26
-20.4, -41.46666667,1988-03-01,27
-23.0, 30.28333333,1987-03-01,28
-23.48333333, -48.41666667,1984-03-01,29
-23.85055556, -49.66777778,1996-05-01,30
-23.98777778, -50.45027778,1997-05-01,31
-24.02194444, -49.93583333,2006-12-06,32
-24.08333333, -50.60277778,1998-09-01,33
-24.11666667, -50.11666667,1991-12-01,34
-24.11666667, -50.15,1988-09-01,35
-24.11666667, -50.46666667,1993-01-01,36
-24.12416667, -50.4875,2006-11-01,37
-24.14222222, -50.09472222,1996-02-01,38
-24.17916667, -50.57916667,1994-03-01,39
-24.2, -50.55,1990-03-01,40
-24.23222222, -50.60111111,2008-01-25,41
-24.25277778, -50.81388889,1998-08-01,42
-24.26666667, -50.63333333,1988-10-01,43
-24.29888889, -49.99305556,2007-02-12,44
-24.31388889, -50.42777778,1991-09-01,45
-24.38333333, -50.41666667,1989-01-01,46
-24.40833333, -50.50833333,1996-10-01,47
-24.74981306, 30.85200528,2011-12-21,48
-24.79136944, 30.86657778,2016-02-09,49
-24.91666667, 30.95,1988-04-01,50
-24.93333333, 30.95,1995-01-01,51
-24.95, 30.93333333,1988-04-01,52
-24.95113056, 30.94055,2008-02-22,53
-24.96666667, 30.95,1986-03-01,54
-24.96666667, 31.0,1986-04-01,55
-24.97777778, 30.95,1992-06-01,56
-24.9925, 30.925,2005-11-24,57
-25.026325, 30.854291,2014-02-19,58
-25.03333333, 30.78333333,1984-03-01,59
-25.03905639, 30.82700861,2010-11-16,60
-25.05, 30.75,1984-04-01,61
-25.05, 30.78333333,1995-02-01,62
-25.05833333, 30.7625,1991-01-01,63
-25.06408333, 30.81423333,2008-01-23,64
-25.06666667, 30.68333333,1987-04-01,65
-25.06666667, 30.81666667,1987-03-01,66
-25.13333333, 30.86666667,1986-03-01,67
-25.13570833, 30.80606944,2008-11-12,68
-25.14324167, 30.87082222,2008-10-23,69
-25.15, -50.33333333,1993-08-01,70
-25.16169444, 30.83939444,2008-01-18,71
-25.16666667, 30.73333333,1994-02-01,72
-25.18333333, 30.98333333,1986-04-01,73
-25.18428889, 30.74918056,2016-02-23,74
-25.20776194, 30.77137389,2011-02-08,75
-25.20777361, 30.77140667,2011-02-09,76
-25.22252667, 30.79609167,2012-12-11,77
-25.23104167, 30.76745056,2011-10-01,78
-25.23333333, 30.93333333,1988-04-12,79
-25.24003722, 30.76751139,2012-02-16,80
-25.25, 30.93333333,1988-04-01,81
-25.30520861, 30.75615222,2009-10-26,82
-25.30896944, 30.75776667,2008-03-04,83
-25.30915556, 30.75758056,2008-03-04,84
-25.37, 30.37,2010-05-05,85
-25.5, 30.75,1993-02-01,86
-25.53333333, 30.36666667,1994-10-01,87
-25.53333333, 30.46666667,1992-02-01,88
-25.53333333, 30.51666667,1992-02-01,89
-25.544255, 30.360759,2015-03-25,90
-25.55083333, 30.63388889,2010-12-10,91
-25.56175, 30.50711667,2004-04-19,92
-25.574687, 30.29794183,2012-05-09,93
-25.60565917, 30.80093306,2012-05-30,94
-25.65285889, 30.02087444,2008-12-11,95
-25.78222222, -54.54944444,2011-11-14,96
-25.80301111, 30.82238889,2015-12-10,97
-25.80947222, 30.51158333,2012-05-29,98
-25.84972222, -54.565,2009-05-15,99
-25.85833333, -54.57972222,2013-09-17,100
-25.89730556, -50.61836111,2006-10-17,101
-25.91, -54.57333333,2010-09-28,102
-25.92583333, -54.56083333,2009-05-26,103
-25.93333333, -50.28333333,1993-08-01,104
-25.96236111, -50.40051944,2007-11-20,105
-25.97832778, -50.09818889,1996-11-11,106
-25.98043333, -50.10281944,1996-11-11,107
-25.99861111, -50.18638889,2007-12-21,108
-26.03333333, -54.61666667,2005-09-01,109
-26.03543889, -50.25681667,2001-12-11,110
-26.055, -50.12583333,2014-01-10,111
-26.07308333, -50.60422222,2006-11-01,112
-26.07713889, -50.08575,2010-12-22,113
-26.08206389, -50.19603056,2001-10-24,114
-26.08277778, -50.25611111,2014-01-10,115
-26.10866667, -50.17389722,1996-10-30,116
-26.14972222, -50.21830556,2006-12-30,117
-26.16666667, 31.28333333,1994-02-01,118
-26.17104722, -50.08984722,1998-12-28,119
-26.1715275, 30.45901528,2011-11-02,120
-26.2, 30.48333333,1993-11-01,121
-26.21286944, -50.14468611,2001-11-13,122
-26.21310833, -50.14559444,2001-11-13,123
-26.21666667, 30.45,1992-02-01,124
-26.22661, 30.54251,2012-09-14,125
-26.23333333, 30.51666667,1991-02-01,126
-26.28894444, -50.63077778,2009-11-09,127
-26.3, -50.63333333,1994-09-01,128
-26.36666667, 30.93333333,1996-12-01,129
-26.39048333, 30.40003333,2007-02-01,130
-26.481, 30.782,1997-11-16,131
-26.483, 30.94,2007-05-10,132
-26.501, 31.032,2000-02-04,133
-26.503, 31.022,2009-01-28,134
-26.528, 31.16,2004-04-07,135
-26.66489444, -50.52254167,1997-01-30,136
-26.71718, 30.76547,2011-02-15,137
-26.75222222, -54.8825,2010-11-10,138
-26.95, 30.35,1998-03-12,139
-26.95, 30.68333333,1996-12-01,140
-27.13333333, -50.46666667,1988-09-01,141
-27.45411, -50.10423083,2007-03-01,142
-27.51666667, -50.06666667,1991-12-01,143
-27.71666667, -50.38333333,1988-10-01,144
-27.75, -50.38333333,1988-10-01,145
-27.89027778, -56.15416667,2006-05-28,146
-27.98226667, -56.01315,2007-11-21,147
-27.98388889, -56.01277778,2006-05-28,148
-28.0, -55.95,2005-10-30,149
-28.21666667, 32.3,1993-02-01,150
-28.36666667, 32.31666667,1986-10-01,151
-28.58333333, 30.06666667,2011-05-26,152
-28.58333333, 32.2,2010-05-31,153
-28.63333333, 31.23333333,1988-03-01,154
-28.66666667, 32.16666667,1986-10-01,155
-28.95, 30.82,2012-03-13,156
-28.99527778, 30.73277778,2013-11-21,157
-29.05638889, 30.52583333,2014-12-17,158
-29.11666667, 30.51666667,2008-09-01,159
-29.17611111, 30.63888889,2014-11-20,160
-29.22, 30.61,2012-01-19,161
-29.24638889, 30.31694444,2013-12-04,162
-29.35, 30.15,1995-05-01,163
-29.51666667, 30.53333333,1993-02-01,164
-29.55, 30.1,2005-02-10,165
-29.55, 30.26666667,2011-06-13,166
-29.56666667, 30.1,2009-02-25,167
-29.56777778, 30.26,2014-11-20,168
-29.72, 29.98,2007-10-01,169
-30.03333333, 29.93333333,1990-12-01,170
-30.05, 29.91666667,1990-12-01,171
-30.13333333, 29.88333333,2011-02-23,172
-30.18333333, 30.1,1996-01-01,173
-30.2, 30.06666667,2009-12-08,174
-30.2, 30.08333333,1988-01-01,175
-30.351862, 29.56498093,2011-11-28,176
-30.435, 29.56388889,2008-11-12,177
-30.531973, 29.78145498,2011-11-11,178
-30.541575, 29.67172778,2013-12-01,179
-30.56666667, 29.73888889,2010-03-22,180
-30.58194444, 29.75,2007-05-05,181
-30.85, 28.23333333,1992-02-01,182
-31.01666667, -55.5,2010-11-16,183
-31.03333333, 28.31666667,1991-02-01,184
-31.071902, 28.330732,2011-12-06,185
-31.1, 28.13333333,1996-02-01,186
-31.110136, 28.1716,2010-02-16,187
-31.23333333, 28.63333333,1988-03-01,188
-31.42277778, 28.5225,2009-02-05,189
-31.436347, 28.533562,2012-12-01,190
-31.45, 28.06666667,1992-02-01,191
-31.46311222, 28.48165361,2013-12-11,192
-31.480201, 28.44499821,2011-11-18,193
-31.63333333, -55.9,2012-05-02,194
-32.16666667, 28.66666667,1986-10-01,195
-32.6, -54.45,2012-05-03,196
-32.7, -54.43333333,2010-11-25,197
-33.80882778, 25.05223056,2008-11-26,198
-33.93694444, 23.57433333,2007-10-02,199
-33.96704444, 23.74690278,2015-10-23,200
-33.96832222, 23.71049722,2016-08-02,201
-33.97689444, 23.69710556,2015-04-29,202
-33.97795833, 23.88289444,2012-03-07,203
-33.98340278, 23.751275,2015-07-29,204
-33.99319444, 23.23712222,2009-08-01,205
-34.00083611, 23.15783333,2007-11-20,206
-34.00194722, 21.27376111,2011-11-24,207
-34.01098333, 21.25663889,2015-09-04,208
-34.01561944, 23.07491389,2012-06-27,209
-34.017, 23.91247222,2008-08-28,210
-34.019475, 24.023675,2013-04-03,211
-34.02075, 23.0809,2014-06-25,212
-34.03038611, 23.18104444,2013-06-11,213
-34.03073611, 24.1727,2014-10-09,214
-34.03802778, 23.16933333,2008-12-02,215
-34.04070278, 23.17475278,2009-04-30,216
-34.04158333, 23.15783333,2007-08-24,217
-35.30694444, -72.39472222,1993-07-01,218
-35.87083333, -71.97527778,1997-08-01,219
-37.03333333, -72.23333333,1997-07-01,220
-37.40916667, -73.26694444,1995-07-06,221
-38.6, -72.4,1996-09-01,222
0.633333333, 35.05,2011-05-01,223
0.6339625, 35.06267222,2011-06-06,224
10.0, -69.08333333,1985-07-01,225
14.6, -90.76666667,1985-10-01,226
17.81488889, -93.75444444,2003-07-11,227
2.25, -76.60444444,1993-12-01,228
2.256666667, -76.58916667,2002-12-09,229
2.258611111, -76.59472222,1987-06-01,230
2.260833333, -76.59805556,1987-06-01,231
2.273888889, -76.59694444,1990-03-01,232
2.273888889, -76.5975,1990-03-01,233
2.274166667, -76.59861111,1990-03-01,234
2.286944444, -76.58194444,1988-12-01,235
2.294722222, -76.59305556,2014-12-11,236
2.296388889, -76.58472222,1982-05-01,237
2.298611111, -76.59083333,1992-05-01,238
2.298888889, -76.58361111,1985-01-01,239
2.310277778, -76.58527778,1996-07-01,240
2.312777778, -76.59055556,1985-01-01,241
2.333888889, -76.59472222,1996-12-01,242
2.433333333, -76.98333333,2007-12-19,243
2.47, -76.90694444,1998-05-01,244
2.502222222, -76.96027778,1992-11-01,245
2.502777778, -76.60722222,2013-06-25,246
2.506666667, -76.60333333,1985-10-01,247
2.508055556, -76.66805556,2004-11-08,248
2.508611111, -76.66805556,2004-11-08,249
2.509166667, -76.62027778,1984-10-01,250
2.5125, -76.60388889,1987-05-01,251
2.5125, -76.61916667,2009-10-21,252
2.513055556, -76.61833333,2008-11-11,253
2.515, -76.60694444,1981-11-01,254
2.515833333, -76.60888889,1981-11-01,255
2.578055556, -76.575,1985-11-01,256
2.583055556, -76.55027778,1992-05-01,257
2.584166667, -76.58527778,2011-05-17,258
2.584444444, -76.59277778,1989-01-01,259
2.591111111, -76.58888889,1983-11-01,260
2.628611111, -76.55305556,1987-05-01,261
2.628888889, -76.54972222,2000-11-28,262
3.083333333, -71.08333333,1983-05-01,263
3.677777778, -76.52305556,1985-11-01,264
3.688611111, -76.56222222,2000-12-05,265
3.789444444, -76.57305556,1997-06-01,266
3.8, -76.93333333,2007-12-15,267
3.809444444, -76.57388889,2004-10-20,268
3.840277778, -76.50638889,2006-11-21,269
3.858611111, -76.47916667,1992-07-04,270
3.864166667, -76.49916667,2008-11-01,271
4.001388889, -76.44527778,1987-06-01,272
4.007777778, -76.44055556,1993-06-01,273
4.014166667, -76.43888889,1985-11-01,274
4.066666667, -75.91666667,2007-12-17,275
4.176388889, -75.85555556,1992-02-01,276
4.253611111, -76.35416667,1992-06-01,277
4.256388889, -76.35361111,1992-06-01,278
4.296666667, -75.69194444,2004-11-04,279
4.296944444, -75.69277778,2004-11-05,280
4.463611111, -75.51916667,1992-05-01,281
4.71, -75.63583333,2004-10-29,282
4.7125, -75.64388889,1997-06-01,283
4.7175, -75.59222222,2000-12-12,284
4.824166667, -75.60861111,1996-08-01,285
4.829166667, -75.58111111,2002-12-17,286
4.881111111, -75.57111111,1996-05-01,287
5.376805556, -75.79344444,2012-10-29,288
5.381944444, -75.755,1992-01-01,289
5.424166667, -75.76833333,2008-11-01,290
5.443611111, -75.77055556,2014-08-05,291
7.716666667, -70.93333333,1982-07-01,292
7.8, -64.71666667,1994-06-01,293
7.918055556, -64.76361111,1994-06-01,294
8.0, -65.0,1983-07-01,295
8.166666667, -63.5,1991-07-01,296
8.516666667, -63.61666667,1988-07-01,297
8.65, -62.8,1991-07-01,298
8.7, -62.75,1984-11-01,299
8.70208, -62.88345,2009-06-15,300
8.75, -63.25,1984-11-01,301
8.833333333, -63.25,1984-09-01,302
9.166666667, -69.33333333,1986-07-01,303
9.283333333, -69.5,1997-06-01,304
9.3501, -69.43025,2000-06-01,305
9.416666667, -74.81666667,1983-05-01,306
9.466666667, -69.41666667,1994-06-01,307
9.466666667, -70.21666667,1982-09-01,308
9.683333333, -68.83333333,1984-07-01,309
