latitude,longitude,start_date,location_id,chirps_chirps_2000-01-01,chirps_chirps_2000-01-02,chirps_chirps_2000-01-03,chirps_chirps_2000-01-04,chirps_chirps_2000-01-05,chirps_chirps_2000-01-06,chirps_chirps_2000-01-07,chirps_chirps_2000-01-08,chirps_chirps_2000-01-09,chirps_chirps_2000-01-10,chirps_chirps_2000-01-11,chirps_chirps_2000-01-12,chirps_chirps_2000-01-13,chirps_chirps_2000-01-14,chirps_chirps_2000-01-15,chirps_chirps_2000-01-16,chirps_chirps_2000-01-17,chirps_chirps_2000-01-18,chirps_chirps_2000-01-19,chirps_chirps_2000-01-20,chirps_chirps_2000-01-21,chirps_chirps_2000-01-22,chirps_chirps_2000-01-23,chirps_chirps_2000-01-24,chirps_chirps_2000-01-25,chirps_chirps_2000-01-26,chirps_chirps_2000-01-27,chirps_chirps_2000-01-28,chirps_chirps_2000-01-29,chirps_chirps_2000-01-30,chirps_chirps_2000-01-31,chirps_chirps_2000-02-01,chirps_chirps_2000-02-02,chirps_chirps_2000-02-03,chirps_chirps_2000-02-04,chirps_chirps_2000-02-05,chirps_chirps_2000-02-06,chirps_chirps_2000-02-07,chirps_chirps_2000-02-08,chirps_chirps_2000-02-09,chirps_chirps_2000-02-10,chirps_chirps_2000-02-11,chirps_chirps_2000-02-12,chirps_chirps_2000-02-13,chirps_chirps_2000-02-14,chirps_chirps_2000-02-15,chirps_chirps_2000-02-16,chirps_chirps_2000-02-17,chirps_chirps_2000-02-18,chirps_chirps_2000-02-19,chirps_chirps_2000-02-20,chirps_chirps_2000-02-21,chirps_chirps_2000-02-22,chirps_chirps_2000-02-23,chirps_chirps_2000-02-24,chirps_chirps_2000-02-25,chirps_chirps_2000-02-26,chirps_chirps_2000-02-27,chirps_chirps_2000-02-28,chirps_chirps_2000-02-29,chirps_chirps_2000-03-01,chirps_chirps_2000-03-02,chirps_chirps_2000-03-03,chirps_chirps_2000-03-04,chirps_chirps_2000-03-05,chirps_chirps_2000-03-06,chirps_chirps_2000-03-07,chirps_chirps_2000-03-08,chirps_chirps_2000-03-09,chirps_chirps_2000-03-10,chirps_chirps_2000-03-11,chirps_chirps_2000-03-12,chirps_chirps_2000-03-13,chirps_chirps_2000-03-14,chirps_chirps_2000-03-15,chirps_chirps_2000-03-16,chirps_chirps_2000-03-17,chirps_chirps_2000-03-18,chirps_chirps_2000-03-19,chirps_chirps_2000-03-20,chirps_chirps_2000-03-21,chirps_chirps_2000-03-22,chirps_chirps_2000-03-23,chirps_chirps_2000-03-24,chirps_chirps_2000-03-25,chirps_chirps_2000-03-26,chirps_chirps_2000-03-27,chirps_chirps_2000-03-28,chirps_chirps_2000-03-29,chirps_chirps_2000-03-30,chirps_chirps_2000-03-31,chirps_chirps_2000-04-01,chirps_chirps_2000-04-02,chirps_chirps_2000-04-03,chirps_chirps_2000-04-04,chirps_chirps_2000-04-05,chirps_chirps_2000-04-06,chirps_chirps_2000-04-07,chirps_chirps_2000-04-08,chirps_chirps_2000-04-09,chirps_chirps_2000-04-10,chirps_chirps_2000-04-11,chirps_chirps_2000-04-12,chirps_chirps_2000-04-13,chirps_chirps_2000-04-14,chirps_chirps_2000-04-15,chirps_chirps_2000-04-16,chirps_chirps_2000-04-17,chirps_chirps_2000-04-18,chirps_chirps_2000-04-19,chirps_chirps_2000-04-20,chirps_chirps_2000-04-21,chirps_chirps_2000-04-22,chirps_chirps_2000-04-23,chirps_chirps_2000-04-24,chirps_chirps_2000-04-25,chirps_chirps_2000-04-26,chirps_chirps_2000-04-27,chirps_chirps_2000-04-28,chirps_chirps_2000-04-29,chirps_chirps_2000-04-30,chirps_chirps_2000-05-01,chirps_chirps_2000-05-02,chirps_chirps_2000-05-03,chirps_chirps_2000-05-04,chirps_chirps_2000-05-05,chirps_chirps_2000-05-06,chirps_chirps_2000-05-07,chirps_chirps_2000-05-08,chirps_chirps_2000-05-09,chirps_chirps_2000-05-10,chirps_chirps_2000-05-11,chirps_chirps_2000-05-12,chirps_chirps_2000-05-13,chirps_chirps_2000-05-14,chirps_chirps_2000-05-15,chirps_chirps_2000-05-16,chirps_chirps_2000-05-17,chirps_chirps_2000-05-18,chirps_chirps_2000-05-19,chirps_chirps_2000-05-20,chirps_chirps_2000-05-21,chirps_chirps_2000-05-22,chirps_chirps_2000-05-23,chirps_chirps_2000-05-24,chirps_chirps_2000-05-25,chirps_chirps_2000-05-26,chirps_chirps_2000-05-27,chirps_chirps_2000-05-28,chirps_chirps_2000-05-29,chirps_chirps_2000-05-30,chirps_chirps_2000-05-31,chirps_chirps_2000-06-01,chirps_chirps_2000-06-02,chirps_chirps_2000-06-03,chirps_chirps_2000-06-04,chirps_chirps_2000-06-05,chirps_chirps_2000-06-06,chirps_chirps_2000-06-07,chirps_chirps_2000-06-08,chirps_chirps_2000-06-09,chirps_chirps_2000-06-10,chirps_chirps_2000-06-11,chirps_chirps_2000-06-12,chirps_chirps_2000-06-13,chirps_chirps_2000-06-14,chirps_chirps_2000-06-15,chirps_chirps_2000-06-16,chirps_chirps_2000-06-17,chirps_chirps_2000-06-18,chirps_chirps_2000-06-19,chirps_chirps_2000-06-20,chirps_chirps_2000-06-21,chirps_chirps_2000-06-22,chirps_chirps_2000-06-23,chirps_chirps_2000-06-24,chirps_chirps_2000-06-25,chirps_chirps_2000-06-26,chirps_chirps_2000-06-27,chirps_chirps_2000-06-28,chirps_chirps_2000-06-29,chirps_chirps_2000-06-30,chirps_chirps_2000-07-01,chirps_chirps_2000-07-02,chirps_chirps_2000-07-03,chirps_chirps_2000-07-04,chirps_chirps_2000-07-05,chirps_chirps_2000-07-06,chirps_chirps_2000-07-07,chirps_chirps_2000-07-08,chirps_chirps_2000-07-09,chirps_chirps_2000-07-10,chirps_chirps_2000-07-11,chirps_chirps_2000-07-12,chirps_chirps_2000-07-13,chirps_chirps_2000-07-14,chirps_chirps_2000-07-15,chirps_chirps_2000-07-16,chirps_chirps_2000-07-17,chirps_chirps_2000-07-18,chirps_chirps_2000-07-19,chirps_chirps_2000-07-20,chirps_chirps_2000-07-21,chirps_chirps_2000-07-22,chirps_chirps_2000-07-23,chirps_chirps_2000-07-24,chirps_chirps_2000-07-25,chirps_chirps_2000-07-26,chirps_chirps_2000-07-27,chirps_chirps_2000-07-28,chirps_chirps_2000-07-29,chirps_chirps_2000-07-30,chirps_chirps_2000-07-31,chirps_chirps_2000-08-01,chirps_chirps_2000-08-02,chirps_chirps_2000-08-03,chirps_chirps_2000-08-04,chirps_chirps_2000-08-05,chirps_chirps_2000-08-06,chirps_chirps_2000-08-07,chirps_chirps_2000-08-08,chirps_chirps_2000-08-09,chirps_chirps_2000-08-10,chirps_chirps_2000-08-11,chirps_chirps_2000-08-12,chirps_chirps_2000-08-13,chirps_chirps_2000-08-14,chirps_chirps_2000-08-15,chirps_chirps_2000-08-16,chirps_chirps_2000-08-17,chirps_chirps_2000-08-18,chirps_chirps_2000-08-19,chirps_chirps_2000-08-20,chirps_chirps_2000-08-21,chirps_chirps_2000-08-22,chirps_chirps_2000-08-23,chirps_chirps_2000-08-24,chirps_chirps_2000-08-25,chirps_chirps_2000-08-26,chirps_chirps_2000-08-27,chirps_chirps_2000-08-28,chirps_chirps_2000-08-29,chirps_chirps_2000-08-30,chirps_chirps_2000-08-31,chirps_chirps_2000-09-01,chirps_chirps_2000-09-02,chirps_chirps_2000-09-03,chirps_chirps_2000-09-04,chirps_chirps_2000-09-05,chirps_chirps_2000-09-06,chirps_chirps_2000-09-07,chirps_chirps_2000-09-08,chirps_chirps_2000-09-09,chirps_chirps_2000-09-10,chirps_chirps_2000-09-11,chirps_chirps_2000-09-12,chirps_chirps_2000-09-13,chirps_chirps_2000-09-14,chirps_chirps_2000-09-15,chirps_chirps_2000-09-16,chirps_chirps_2000-09-17,chirps_chirps_2000-09-18,chirps_chirps_2000-09-19,chirps_chirps_2000-09-20,chirps_chirps_2000-09-21,chirps_chirps_2000-09-22,chirps_chirps_2000-09-23,chirps_chirps_2000-09-24,chirps_chirps_2000-09-25,chirps_chirps_2000-09-26,chirps_chirps_2000-09-27,chirps_chirps_2000-09-28,chirps_chirps_2000-09-29,chirps_chirps_2000-09-30,chirps_chirps_2000-10-01,chirps_chirps_2000-10-02,chirps_chirps_2000-10-03,chirps_chirps_2000-10-04,chirps_chirps_2000-10-05,chirps_chirps_2000-10-06,chirps_chirps_2000-10-07,chirps_chirps_2000-10-08,chirps_chirps_2000-10-09,chirps_chirps_2000-10-10,chirps_chirps_2000-10-11,chirps_chirps_2000-10-12,chirps_chirps_2000-10-13,chirps_chirps_2000-10-14,chirps_chirps_2000-10-15,chirps_chirps_2000-10-16,chirps_chirps_2000-10-17,chirps_chirps_2000-10-18,chirps_chirps_2000-10-19,chirps_chirps_2000-10-20,chirps_chirps_2000-10-21,chirps_chirps_2000-10-22,chirps_chirps_2000-10-23,chirps_chirps_2000-10-24,chirps_chirps_2000-10-25,chirps_chirps_2000-10-26,chirps_chirps_2000-10-27,chirps_chirps_2000-10-28,chirps_chirps_2000-10-29,chirps_chirps_2000-10-30,chirps_chirps_2000-10-31,chirps_chirps_2000-11-01,chirps_chirps_2000-11-02,chirps_chirps_2000-11-03,chirps_chirps_2000-11-04,chirps_chirps_2000-11-05,chirps_chirps_2000-11-06,chirps_chirps_2000-11-07,chirps_chirps_2000-11-08,chirps_chirps_2000-11-09,chirps_chirps_2000-11-10,chirps_chirps_2000-11-11,chirps_chirps_2000-11-12,chirps_chirps_2000-11-13,chirps_chirps_2000-11-14,chirps_chirps_2000-11-15,chirps_chirps_2000-11-16,chirps_chirps_2000-11-17,chirps_chirps_2000-11-18,chirps_chirps_2000-11-19,chirps_chirps_2000-11-20,chirps_chirps_2000-11-21,chirps_chirps_2000-11-22,chirps_chirps_2000-11-23,chirps_chirps_2000-11-24,chirps_chirps_2000-11-25,chirps_chirps_2000-11-26,chirps_chirps_2000-11-27,chirps_chirps_2000-11-28,chirps_chirps_2000-11-29,chirps_chirps_2000-11-30,chirps_chirps_2000-12-01,chirps_chirps_2000-12-02,chirps_chirps_2000-12-03,chirps_chirps_2000-12-04,chirps_chirps_2000-12-05,chirps_chirps_2000-12-06,chirps_chirps_2000-12-07,chirps_chirps_2000-12-08,chirps_chirps_2000-12-09,chirps_chirps_2000-12-10,chirps_chirps_2000-12-11,chirps_chirps_2000-12-12,chirps_chirps_2000-12-13,chirps_chirps_2000-12-14,chirps_chirps_2000-12-15,chirps_chirps_2000-12-16,chirps_chirps_2000-12-17,chirps_chirps_2000-12-18,chirps_chirps_2000-12-19,chirps_chirps_2000-12-20,chirps_chirps_2000-12-21,chirps_chirps_2000-12-22,chirps_chirps_2000-12-23,chirps_chirps_2000-12-24,chirps_chirps_2000-12-25,chirps_chirps_2000-12-26,chirps_chirps_2000-12-27,chirps_chirps_2000-12-28,chirps_chirps_2000-12-29,chirps_chirps_2000-12-30,chirps_chirps_2000-12-31,spei_spei_2000-01,spei_spei_2000-02,spei_spei_2000-03,spei_spei_2000-04,spei_spei_2000-05,spei_spei_2000-06,spei_spei_2000-07,spei_spei_2000-08,spei_spei_2000-09,spei_spei_2000-10,spei_spei_2000-11,spei_spei_2000-12,wc_prec_2000-01,wc_prec_2000-02,wc_prec_2000-03,wc_prec_2000-04,wc_prec_2000-05,wc_prec_2000-06,wc_prec_2000-07,wc_prec_2000-08,wc_prec_2000-09,wc_prec_2000-10,wc_prec_2000-11,wc_prec_2000-12,wc_tmax_2000-01,wc_tmax_2000-02,wc_tmax_2000-03,wc_tmax_2000-04,wc_tmax_2000-05,wc_tmax_2000-06,wc_tmax_2000-07,wc_tmax_2000-08,wc_tmax_2000-09,wc_tmax_2000-10,wc_tmax_2000-11,wc_tmax_2000-12,wc_tmin_2000-01,wc_tmin_2000-02,wc_tmin_2000-03,wc_tmin_2000-04,wc_tmin_2000-05,wc_tmin_2000-06,wc_tmin_2000-07,wc_tmin_2000-08,wc_tmin_2000-09,wc_tmin_2000-10,wc_tmin_2000-11,wc_tmin_2000-12
-0.833333333,-53.0,2/1/1985,0.0,7.33135986328125,0.0,29.325439453125,14.6627197265625,0.0,13.002800941467285,22.754898071289062,0.0,22.754898071289062,0.0,0.0,12.188058853149414,36.564178466796875,0.0,0.0,0.0,33.29643630981445,9.513267517089844,24.972326278686523,0.0,0.0,0.0,0.0,0.0,23.558025360107422,0.0,0.0,0.0,0.0,0.0,36.73969650268555,9.284283638000488,18.568567276000977,9.284283638000488,18.568567276000977,0.0,0.0,0.0,0.0,0.0,0.0,0.0,0.0,28.704879760742188,5.740976333618164,6.0855865478515625,9.929195404052734,9.929195404052734,0.0,9.929195404052734,20.480958938598633,0.0,25.66423988342285,26.961315155029297,0.0,0.0,17.558557510375977,5.8528523445129395,0.0,11.198346138000488,0.0,0.0,40.60886764526367,1.1107650995254517,0.0,0.0,0.0,7.716551303863525,30.8662052154541,0.0,13.99438190460205,6.997190952301025,13.99438190460205,0.0,6.997190952301025,17.833995819091797,0.0,18.618486404418945,0.0,18.618486404418945,9.999542236328125,29.316513061523438,0.0,10.681658744812012,19.99908447265625,28.75459861755371,10.187908172607422,9.584866523742676,0.0,9.584866523742676,10.954133033752441,37.50691604614258,0.0,25.713808059692383,12.856904029846191,25.713808059692383,17.972867965698242,0.0,12.341819763183594,18.51272964477539,17.433008193969727,11.277812957763672,11.277812957763672,21.876300811767578,16.407224655151367,0.33966177701950073,17.66889190673828,35.33778381347656,19.296852111816406,0.0,0.0,24.92076873779297,12.460384368896484,0.0,12.460384368896484,24.92076873779297,9.655924797058105,19.31184959411621,0.0,18.476119995117188,9.655924797058105,12.60335922241211,6.301679611206055,5.770726203918457,6.301679611206055,6.301679611206055,0.0,18.183412551879883,0.0,36.366825103759766,0.0,17.53394889831543,18.289451599121094,25.545421600341797,0.0,8.011472702026367,17.287565231323242,34.575130462646484,17.287565231323242,0.596961259841919,8.643782615661621,8.363422393798828,24.427547454833984,0.0,16.726844787597656,16.726844787597656,14.238151550292969,27.801485061645508,7.119075775146484,0.0,13.563334465026855,0.0,0.0,38.73072052001953,0.0,0.0,0.0,22.713180541992188,0.0,0.0,25.969600677490234,0.0,19.587867736816406,1.495442271232605,0.0,0.0,21.083311080932617,7.182106018066406,0.0,0.0,0.0,16.205669403076172,0.0,0.0,0.0,0.0,0.0,18.999744415283203,0.0,16.240995407104492,0.0,0.0,0.0,33.7550163269043,0.0,0.0,0.0,0.0,0.0,22.192472457885742,0.0,22.192472457885742,0.0,18.70885467529297,37.41770935058594,0.0,0.0,0.0,1.039842963218689,0.0,22.97112464904785,22.97112464904785,0.0,0.0,10.113168716430664,30.339506149291992,0.0,0.0,0.0,0.0,0.0,0.0,0.8390178680419922,0.0,10.348640441894531,0.0,0.0,0.0,0.0,9.027865409851074,9.027865409851074,0.0,0.0,0.0,0.0,0.0,0.0,0.0,0.0,0.0,17.34759521484375,0.0,0.0,0.0,0.0,2.7457516193389893,0.0,0.0,0.0,0.0,0.0,0.0,0.0,0.0,0.0,0.0,0.0,0.0,0.0,0.0,0.0,0.0,0.0,0.0,4.009223461151123,0.0,0.0,0.0,4.009223461151123,0.0,0.0,0.0,18.579565048217773,0.0,0.0,3.7021067142486572,0.0,3.7021067142486572,3.3196983337402344,4.37835168838501,4.0163397789001465,8.75670337677002,8.75670337677002,0.0,18.775571823120117,0.0,0.0,0.0,0.0,0.0,0.0,0.0,0.0,0.0,0.0,9.297935485839844,0.0,0.0,0.0,0.0,0.0,0.0,0.0,0.0,0.0,0.0,0.0,0.0,0.0,0.0,0.0,0.0,0.0,0.0,0.0,0.0,0.0,0.0,0.0,0.0,0.0,0.0,0.0,0.0,47.05149459838867,0.0,0.0,0.0,0.0,0.0,0.0,0.0,0.0,0.0,3.610098123550415,0.0,0.0,0.0,0.0,0.0,0.0,0.0,0.0,0.0,0.0,0.0,0.0,0.0,0.0,0.0,0.0,0.0,0.0,0.0,0.0,0.0,0.0,0.0,0.0,0.0,0.0,0.0,0.0,0.0,0.0,0.0,0.0,0.0,0.0,0.0,0.0,0.0,0.0,25.604230880737305,0.0,22.374921798706055,1.1095600128173828,0.1558874100446701,1.2873836755752563,0.5978332757949829,0.8685027360916138,0.49647992849349976,1.7078777551651,-0.15541452169418335,1.783052682876587,0.7332744598388672,-0.42136865854263306,-1.2263355255126953,285.7265625,201.96176147460938,298.6810607910156,334.1864013671875,352.2798767089844,268.1522521972656,255.5773162841797,66.6774673461914,88.6722640991211,64.4021224975586,49.04510498046875,43.8656005859375,30.0,29.0,29.393333435058594,30.0,30.0,30.0,30.0,31.393333435058594,32.0,32.0,32.0,31.393333435058594,21.0,21.0,21.0,21.0,22.0,21.393333435058594,21.393333435058594,22.0,22.0,22.213449478149414,22.0,22.0
,,,,,,,,,,,,,,,,,,,,,,,,,,,,,,,,,,,,,,,,,,,,,,,,,,,,,,,,,,,,,,,,,,,,,,,,,,,,,,,,,,,,,,,,,,,,,,,,,,,,,,,,,,,,,,,,,,,,,,,,,,,,,,,,,,,,,,,,,,,,,,,,,,,,,,,,,,,,,,,,,,,,,,,,,,,,,,,,,,,,,,,,,,,,,,,,,,,,,,,,,,,,,,,,,,,,,,,,,,,,,,,,,,,,,,,,,,,,,,,,,,,,,,,,,,,,,,,,,,,,,,,,,,,,,,,,,,,,,,,,,,,,,,,,,,,,,,,,,,,,,,,,,,,,,,,,,,,,,,,,,,,,,,,,,,,,,,,,,,,,,,,,,,,,,,,,,,,,,,,,,,,,,,,,,,,,,,,,,,,,,,,,,,,,,,,,,,,,,,,,,,,,,,,,,,,,,,,,,
,,,,,,,,,,,,,,,,,,,,,,,,,,,,,,,,,,,,,,,,,,,,,,,,,,,,,,,,,,,,,,,,,,,,,,,,,,,,,,,,,,,,,,,,,,,,,,,,,,,,,,,,,,,,,,,,,,,,,,,,,,,,,,,,,,,,,,,,,,,,,,,,,,,,,,,,,,,,,,,,,,,,,,,,,,,,,,,,,,,,,,,,,,,,,,,,,,,,,,,,,,,,,,,,,,,,,,,,,,,,,,,,,,,,,,,,,,,,,,,,,,,,,,,,,,,,,,,,,,,,,,,,,,,,,,,,,,,,,,,,,,,,,,,,,,,,,,,,,,,,,,,,,,,,,,,,,,,,,,,,,,,,,,,,,,,,,,,,,,,,,,,,,,,,,,,,,,,,,,,,,,,,,,,,,,,,,,,,,,,,,,,,,,,,,,,,,,,,,,,,,,,,,,,,,,,,,,,,,
,,,,,,,,,,,,,,,,,,,,,,,,,,,,,,,,,,,,,,,,,,,,,,,,,,,,,,,,,,,,,,,,,,,,,,,,,,,,,,,,,,,,,,,,,,,,,,,,,,,,,,,,,,,,,,,,,,,,,,,,,,,,,,,,,,,,,,,,,,,,,,,,,,,,,,,,,,,,,,,,,,,,,,,,,,,,,,,,,,,,,,,,,,,,,,,,,,,,,,,,,,,,,,,,,,,,,,,,,,,,,,,,,,,,,,,,,,,,,,,,,,,,,,,,,,,,,,,,,,,,,,,,,,,,,,,,,,,,,,,,,,,,,,,,,,,,,,,,,,,,,,,,,,,,,,,,,,,,,,,,,,,,,,,,,,,,,,,,,,,,,,,,,,,,,,,,,,,,,,,,,,,,,,,,,,,,,,,,,,,,,,,,,,,,,,,,,,,,,,,,,,,,,,,,,,,,,,,,,
,,,,,,,,,,,,,,,,,,,,,,,,,,,,,,,,,,,,,,,,,,,,,,,,,,,,,,,,,,,,,,,,,,,,,,,,,,,,,,,,,,,,,,,,,,,,,,,,,,,,,,,,,,,,,,,,,,,,,,,,,,,,,,,,,,,,,,,,,,,,,,,,,,,,,,,,,,,,,,,,,,,,,,,,,,,,,,,,,,,,,,,,,,,,,,,,,,,,,,,,,,,,,,,,,,,,,,,,,,,,,,,,,,,,,,,,,,,,,,,,,,,,,,,,,,,,,,,,,,,,,,,,,,,,,,,,,,,,,,,,,,,,,,,,,,,,,,,,,,,,,,,,,,,,,,,,,,,,,,,,,,,,,,,,,,,,,,,,,,,,,,,,,,,,,,,,,,,,,,,,,,,,,,,,,,,,,,,,,,,,,,,,,,,,,,,,,,,,,,,,,,,,,,,,,,,,,,,,,
,,,,,,,,,,,,,,,,,,,,,,,,,,,,,,,,,,,,,,,,,,,,,,,,,,,,,,,,,,,,,,,,,,,,,,,,,,,,,,,,,,,,,,,,,,,,,,,,,,,,,,,,,,,,,,,,,,,,,,,,,,,,,,,,,,,,,,,,,,,,,,,,,,,,,,,,,,,,,,,,,,,,,,,,,,,,,,,,,,,,,,,,,,,,,,,,,,,,,,,,,,,,,,,,,,,,,,,,,,,,,,,,,,,,,,,,,,,,,,,,,,,,,,,,,,,,,,,,,,,,,,,,,,,,,,,,,,,,,,,,,,,,,,,,,,,,,,,,,,,,,,,,,,,,,,,,,,,,,,,,,,,,,,,,,,,,,,,,,,,,,,,,,,,,,,,,,,,,,,,,,,,,,,,,,,,,,,,,,,,,,,,,,,,,,,,,,,,,,,,,,,,,,,,,,,,,,,,,,
,,,,,,,,,,,,,,,,,,,,,,,,,,,,,,,,,,,,,,,,,,,,,,,,,,,,,,,,,,,,,,,,,,,,,,,,,,,,,,,,,,,,,,,,,,,,,,,,,,,,,,,,,,,,,,,,,,,,,,,,,,,,,,,,,,,,,,,,,,,,,,,,,,,,,,,,,,,,,,,,,,,,,,,,,,,,,,,,,,,,,,,,,,,,,,,,,,,,,,,,,,,,,,,,,,,,,,,,,,,,,,,,,,,,,,,,,,,,,,,,,,,,,,,,,,,,,,,,,,,,,,,,,,,,,,,,,,,,,,,,,,,,,,,,,,,,,,,,,,,,,,,,,,,,,,,,,,,,,,,,,,,,,,,,,,,,,,,,,,,,,,,,,,,,,,,,,,,,,,,,,,,,,,,,,,,,,,,,,,,,,,,,,,,,,,,,,,,,,,,,,,,,,,,,,,,,,,,,,
,,,,,,,,,,,,,,,,,,,,,,,,,,,,,,,,,,,,,,,,,,,,,,,,,,,,,,,,,,,,,,,,,,,,,,,,,,,,,,,,,,,,,,,,,,,,,,,,,,,,,,,,,,,,,,,,,,,,,,,,,,,,,,,,,,,,,,,,,,,,,,,,,,,,,,,,,,,,,,,,,,,,,,,,,,,,,,,,,,,,,,,,,,,,,,,,,,,,,,,,,,,,,,,,,,,,,,,,,,,,,,,,,,,,,,,,,,,,,,,,,,,,,,,,,,,,,,,,,,,,,,,,,,,,,,,,,,,,,,,,,,,,,,,,,,,,,,,,,,,,,,,,,,,,,,,,,,,,,,,,,,,,,,,,,,,,,,,,,,,,,,,,,,,,,,,,,,,,,,,,,,,,,,,,,,,,,,,,,,,,,,,,,,,,,,,,,,,,,,,,,,,,,,,,,,,,,,,,,
,,,,,,,,,,,,,,,,,,,,,,,,,,,,,,,,,,,,,,,,,,,,,,,,,,,,,,,,,,,,,,,,,,,,,,,,,,,,,,,,,,,,,,,,,,,,,,,,,,,,,,,,,,,,,,,,,,,,,,,,,,,,,,,,,,,,,,,,,,,,,,,,,,,,,,,,,,,,,,,,,,,,,,,,,,,,,,,,,,,,,,,,,,,,,,,,,,,,,,,,,,,,,,,,,,,,,,,,,,,,,,,,,,,,,,,,,,,,,,,,,,,,,,,,,,,,,,,,,,,,,,,,,,,,,,,,,,,,,,,,,,,,,,,,,,,,,,,,,,,,,,,,,,,,,,,,,,,,,,,,,,,,,,,,,,,,,,,,,,,,,,,,,,,,,,,,,,,,,,,,,,,,,,,,,,,,,,,,,,,,,,,,,,,,,,,,,,,,,,,,,,,,,,,,,,,,,,,,,
,,,,,,,,,,,,,,,,,,,,,,,,,,,,,,,,,,,,,,,,,,,,,,,,,,,,,,,,,,,,,,,,,,,,,,,,,,,,,,,,,,,,,,,,,,,,,,,,,,,,,,,,,,,,,,,,,,,,,,,,,,,,,,,,,,,,,,,,,,,,,,,,,,,,,,,,,,,,,,,,,,,,,,,,,,,,,,,,,,,,,,,,,,,,,,,,,,,,,,,,,,,,,,,,,,,,,,,,,,,,,,,,,,,,,,,,,,,,,,,,,,,,,,,,,,,,,,,,,,,,,,,,,,,,,,,,,,,,,,,,,,,,,,,,,,,,,,,,,,,,,,,,,,,,,,,,,,,,,,,,,,,,,,,,,,,,,,,,,,,,,,,,,,,,,,,,,,,,,,,,,,,,,,,,,,,,,,,,,,,,,,,,,,,,,,,,,,,,,,,,,,,,,,,,,,,,,,,,,
